order_id,customer_id,restaurant,order_amount,item_count,event_time
ORD1001,C001,Spice Kitchen,450.00,2,2026-10-05 10:00:01
ORD1002,C002,FoodHub,700.00,3,2026-10-05 10:00:04
ORD1003,C003,Pizza Paradiso,320.00,1,2026-10-05 10:00:07
ORD1004,C004,Royal Kitchen,950.00,4,2026-10-05 10:00:10
ORD1005,C005,FoodHub,180.00,1,2026-10-05 10:00:13
ORD1006,C006,Spice Kitchen,550.00,2,2026-10-05 10:00:16
ORD1007,C007,Burger Lab,390.00,2,2026-10-05 10:00:19
ORD1008,C008,Pizza Paradiso,840.00,3,2026-10-05 10:00:22
ORD1009,C009,Royal Kitchen,620.00,2,2026-10-05 10:00:25
ORD1010,C010,Spice Kitchen,290.00,1,2026-10-05 10:00:28
ORD1011,C011,FoodHub,1100.00,5,2026-10-05 10:00:31
ORD1012,C012,Burger Lab,480.00,2,2026-10-05 10:00:34
ORD1013,C013,Spice Kitchen,360.00,1,2026-10-05 10:00:37
ORD1014,C014,Pizza Paradiso,750.00,3,2026-10-05 10:00:40
ORD1015,C015,Royal Kitchen,920.00,4,2026-10-05 10:00:43
ORD1016,C016,FoodHub,260.00,1,2026-10-05 10:00:46
ORD1017,C017,Burger Lab,530.00,2,2026-10-05 10:00:49
ORD1018,C018,Spice Kitchen,680.00,3,2026-10-05 10:00:52
ORD1019,C019,Pizza Paradiso,410.00,2,2026-10-05 10:00:55
ORD1020,C020,Royal Kitchen,870.00,3,2026-10-05 10:00:58
