order_id,order_amount,delivery_time,customer_orders,distance,cancelled
ORD-10989,502.15,32.6,10,3.55,0
ORD-10593,526.69,35.4,5,6.13,1
ORD-10036,516.71,22.6,3,7.18,0
ORD-10839,482.88,28.8,7,5.07,0
ORD-10761,509.76,34.5,8,5.76,0
ORD-10492,506.19,26.6,8,7.24,0
ORD-10074,290.42,36.0,8,8.17,0
ORD-10784,544.78,30.5,4,3.67,0
ORD-10976,463.82,36.7,6,4.44,0
ORD-10525,355.61,36.5,9,8.64,0
ORD-10045,442.41,35.3,11,7.09,0
ORD-10810,485.05,27.1,8,5.34,0
ORD-10966,445.89,28.8,10,5.1,0
ORD-10538,580.5,23.0,8,6.13,0
ORD-10952,399.88,24.6,12,7.55,0
ORD-10919,515.53,27.2,3,4.81,0
ORD-10339,454.9,31.0,7,7.92,0
ORD-10825,616.27,32.7,8,8.29,0
ORD-10607,400.43,39.7,8,7.9,0
ORD-10392,394.38,42.1,7,5.11,1
ORD-10875,643.56,38.4,5,6.23,1
ORD-10523,545.65,24.2,7,6.96,0
ORD-10536,431.17,33.1,7,8.37,0
ORD-10359,433.82,31.1,4,6.15,0
ORD-10220,685.17,22.9,11,5.18,0
ORD-10052,445.85,33.0,9,7.38,0
ORD-10911,517.53,43.4,15,8.0,0
ORD-10541,409.62,40.6,7,4.41,0
ORD-10477,524.9,32.5,13,9.45,0
ORD-10037,343.23,21.2,10,7.99,0
ORD-10244,403.98,26.1,10,5.65,0
ORD-10436,630.29,28.5,8,3.36,0
ORD-10983,496.18,35.2,4,7.63,0
ORD-10903,602.28,32.2,6,7.12,1
ORD-10926,455.29,15.0,10,5.17,0
ORD-10806,517.77,31.6,9,4.14,0
ORD-10347,387.4,35.6,11,6.09,0
ORD-10216,438.17,26.0,7,5.37,0
ORD-10242,540.4,26.5,5,6.82,0
ORD-10218,461.17,25.0,10,7.12,0
ORD-10549,451.68,37.4,7,9.68,1
ORD-10507,430.88,35.7,9,4.88,0
ORD-10965,615.21,30.5,7,4.86,0
ORD-10608,357.7,31.9,3,9.34,1
ORD-10153,518.58,22.1,12,5.0,0
ORD-10265,400.18,21.5,10,3.83,0
ORD-10110,346.5,28.9,5,5.92,0
ORD-10073,625.17,22.3,11,7.82,0
ORD-10024,456.45,40.4,11,9.35,1
ORD-10251,573.43,35.0,13,5.73,0
ORD-10067,580.28,37.0,13,6.04,0
ORD-10262,240.7,33.2,9,8.7,0
ORD-10705,548.48,28.6,7,6.0,0
ORD-10289,450.18,17.1,5,3.96,0
ORD-10206,541.2,25.8,12,4.37,0
ORD-10362,491.3,30.7,13,5.78,0
ORD-10083,458.54,42.5,7,8.74,1
ORD-10645,478.18,32.6,9,6.91,0
ORD-10079,340.99,35.1,6,6.89,0
ORD-10136,437.34,37.1,7,7.95,1
ORD-10723,559.46,33.7,8,6.8,0
ORD-10717,512.02,31.1,8,6.38,0
ORD-10345,518.56,21.1,9,7.22,0
ORD-10648,481.53,37.1,6,2.99,0
ORD-10503,545.04,30.0,6,6.47,0
ORD-10376,569.79,26.0,10,6.94,0
ORD-10284,670.64,25.3,11,4.93,0
ORD-10280,509.08,30.8,10,7.93,0
ORD-10520,366.45,37.3,9,8.94,0
ORD-10222,554.9,33.8,11,1.19,0
ORD-10463,517.12,24.9,9,6.9,0
ORD-10672,472.58,27.6,6,9.42,1
ORD-10247,447.73,25.4,8,7.98,0
ORD-10747,439.57,33.0,6,7.3,0
ORD-10651,590.13,32.0,9,6.96,0
ORD-10545,436.25,32.8,9,4.12,0
ORD-10040,559.08,40.1,8,5.59,0
ORD-10621,537.72,21.4,8,3.32,0
ORD-10428,584.67,28.7,8,3.16,0
ORD-10154,523.45,39.9,5,6.04,1
ORD-10166,565.76,38.3,7,8.44,1
ORD-10296,571.97,35.5,5,6.89,0
ORD-10089,541.06,28.8,10,6.48,0
ORD-10899,434.65,28.2,13,8.13,0
ORD-10498,429.95,36.1,7,7.4,0
ORD-10750,426.14,15.0,4,4.48,0
ORD-10896,486.63,28.4,6,5.11,0
ORD-10482,371.48,40.4,8,10.5,1
ORD-10777,480.2,29.8,13,8.1,0
ORD-10950,480.7,19.4,13,6.93,0
ORD-10722,392.15,34.4,11,6.76,0
ORD-10788,494.39,31.9,8,6.66,0
ORD-10418,594.34,39.2,9,5.19,0
ORD-10829,477.46,30.1,10,6.29,0
ORD-10483,516.28,27.6,6,8.86,1
ORD-10135,623.99,35.8,8,6.11,0
ORD-10306,602.21,30.2,7,6.67,0
ORD-10583,681.66,30.4,6,6.51,1
ORD-10190,464.28,30.6,5,5.62,0
ORD-10685,557.04,37.1,10,7.75,0
ORD-10479,589.57,27.4,9,6.79,0
ORD-10872,389.65,28.2,9,3.94,0
ORD-10430,405.34,31.8,10,6.55,0
ORD-10892,585.33,27.4,11,9.25,0
ORD-10854,613.64,36.0,10,6.74,0
ORD-10004,481.27,34.2,10,6.92,0
ORD-10068,528.93,27.2,8,1.0,0
ORD-10292,452.85,30.0,9,7.73,0
ORD-10754,424.05,33.1,6,8.01,0
ORD-10938,519.5,36.5,7,6.2,1
ORD-10622,650.56,35.5,6,4.49,0
ORD-10727,527.81,34.8,10,4.08,0
ORD-10513,427.39,18.8,5,4.32,0
ORD-10637,505.87,32.5,2,6.06,1
ORD-10845,539.4,23.8,4,7.12,0
ORD-10433,557.4,26.5,8,5.0,0
ORD-10797,554.52,25.2,4,6.99,0
ORD-10909,673.06,30.9,12,9.47,0
ORD-10714,496.99,26.8,8,7.81,0
ORD-10381,452.05,27.1,11,5.61,0
ORD-10411,410.03,33.3,5,7.99,0
ORD-10748,451.08,31.1,13,6.46,0
ORD-10365,467.9,29.0,8,8.49,0
ORD-10100,386.77,36.0,4,6.42,0
ORD-10512,480.88,25.7,6,10.99,0
ORD-10554,527.01,28.6,10,5.79,0
ORD-10227,413.78,29.1,6,8.32,0
ORD-10704,375.47,32.5,6,7.46,0
ORD-10581,466.78,36.9,5,3.81,0
ORD-10407,488.61,39.0,3,6.09,1
ORD-10500,574.09,34.7,5,5.25,1
ORD-10373,576.74,20.3,10,7.74,0
ORD-10855,454.34,26.0,5,5.2,0
ORD-10598,464.46,30.1,10,6.22,0
ORD-10542,542.38,40.0,12,8.08,1
ORD-10124,546.95,39.8,8,8.11,1
ORD-10287,547.07,33.0,7,7.54,0
ORD-10533,403.12,29.1,6,3.37,0
ORD-10633,465.85,36.2,9,8.03,0
ORD-10295,444.57,29.4,9,8.16,0
ORD-10361,622.62,33.5,10,6.43,0
ORD-10279,469.17,28.1,9,7.71,0
ORD-10853,595.12,35.5,9,8.3,0
ORD-10291,460.56,45.0,14,5.35,0
ORD-10841,553.99,18.7,8,9.66,0
ORD-10573,482.47,21.9,5,4.86,0
ORD-10419,505.4,33.0,7,6.88,1
ORD-10229,554.37,43.3,8,4.14,1
ORD-10890,565.64,33.3,12,5.2,0
ORD-10613,409.96,29.5,8,11.42,0
ORD-10379,435.34,41.0,6,6.24,0
ORD-10823,470.97,26.1,5,5.6,0
ORD-10464,491.01,26.5,6,2.81,0
ORD-10840,496.04,29.2,10,8.7,0
ORD-10998,454.31,29.0,7,5.73,0
ORD-10459,404.17,34.0,8,6.67,0
ORD-10889,588.7,29.9,9,5.99,0
ORD-10426,422.81,42.3,5,6.39,1
ORD-10348,442.52,21.8,7,6.44,0
ORD-10816,521.36,17.1,12,6.14,0
ORD-10535,503.79,20.4,7,6.42,0
ORD-10078,507.34,39.0,5,8.69,1
ORD-10619,517.91,36.9,14,6.27,0
ORD-10350,524.87,23.0,4,8.05,0
ORD-10703,387.32,36.7,7,3.89,0
ORD-10578,381.71,25.6,8,2.85,0
ORD-10140,518.2,28.2,9,5.81,0
ORD-10189,378.81,24.2,7,6.99,0
ORD-10370,501.96,29.0,10,7.42,0
ORD-10082,618.23,28.1,7,5.95,0
ORD-10170,428.84,34.6,11,5.68,0
ORD-10568,350.34,20.6,7,3.12,0
ORD-10456,491.44,34.5,8,4.45,0
ORD-10062,411.49,36.9,9,11.65,1
ORD-10994,419.87,32.1,6,7.99,0
ORD-10560,523.18,29.9,7,5.05,0
ORD-10138,565.08,33.6,7,7.01,1
ORD-10116,497.22,44.4,13,5.86,1
ORD-10429,359.3,28.3,6,10.68,0
ORD-10454,457.58,33.4,7,9.26,0
ORD-10751,391.87,34.1,7,5.43,0
ORD-10449,415.26,30.1,7,4.97,0
ORD-10440,530.73,34.0,9,7.54,0
ORD-10032,498.92,32.4,8,5.2,0
ORD-10935,459.84,21.0,6,8.74,0
ORD-10740,352.73,29.4,11,10.45,0
ORD-10653,411.48,27.9,6,2.94,0
ORD-10817,571.17,25.7,11,6.57,0
ORD-10271,385.13,33.7,10,5.73,0
ORD-10915,522.32,26.7,8,4.53,0
ORD-10161,562.97,43.7,4,6.76,1
ORD-10010,462.93,37.9,7,10.0,1
ORD-10695,475.24,41.6,7,3.62,0
ORD-10246,462.0,30.2,2,3.81,0
ORD-10518,507.95,23.9,10,4.62,0
ORD-10058,526.5,33.3,6,6.9,0
ORD-10444,395.64,32.4,8,9.94,0
ORD-10441,497.38,37.0,8,4.02,0
ORD-10484,439.49,31.3,8,3.08,0
ORD-10165,533.02,44.6,6,7.8,1
ORD-10709,635.72,24.2,9,7.77,0
ORD-10476,546.12,29.3,8,7.4,0
ORD-10509,433.52,38.9,5,7.72,0
ORD-10098,500.41,35.5,7,6.99,1
ORD-10091,577.49,29.8,6,8.37,0
ORD-10863,643.67,19.5,8,8.17,0
ORD-10540,566.86,29.8,8,5.75,0
ORD-10009,543.4,26.8,9,7.84,0
ORD-10638,396.8,42.4,9,6.83,0
ORD-10661,456.25,29.3,8,3.71,0
ORD-10985,407.33,33.1,6,8.97,0
ORD-10473,609.35,30.1,3,7.0,0
ORD-10953,615.5,26.1,4,4.62,0
ORD-10423,577.73,25.0,10,5.11,0
ORD-10809,428.43,35.4,9,7.0,0
ORD-10984,499.71,35.7,12,7.02,0
ORD-10922,510.64,23.6,8,8.05,0
ORD-10623,607.63,26.0,8,8.94,0
ORD-10580,527.08,31.2,13,7.68,0
ORD-10223,370.98,32.5,4,3.9,0
ORD-10164,577.07,36.1,7,7.75,1
ORD-10088,457.62,28.4,4,4.61,0
ORD-10233,447.87,45.5,8,4.48,1
ORD-10286,487.86,19.0,7,7.65,0
ORD-10888,547.25,27.2,8,7.44,0
ORD-10532,494.71,31.9,6,5.61,0
ORD-10309,483.82,32.8,8,5.35,0
ORD-10142,371.4,29.1,6,9.41,0
ORD-10955,589.38,38.2,4,3.5,1
ORD-10182,414.33,35.5,7,4.71,0
ORD-10176,501.04,19.8,3,5.39,0
ORD-10489,570.53,37.6,6,8.6,1
ORD-10547,483.76,31.8,8,7.14,0
ORD-10962,515.72,33.1,9,6.43,0
ORD-10820,458.62,29.2,14,5.59,0
ORD-10803,463.02,20.9,8,8.14,0
ORD-10017,525.14,27.1,5,8.83,1
ORD-10093,473.79,30.3,9,6.27,0
ORD-10612,522.4,35.3,7,9.2,1
ORD-10708,333.45,29.2,6,5.91,0
ORD-10961,606.33,31.7,10,7.19,0
ORD-10696,526.09,24.0,4,6.76,0
ORD-10053,548.93,31.6,6,8.17,1
ORD-10597,421.7,42.3,6,3.58,0
ORD-10008,462.44,36.3,4,4.44,0
ORD-10978,373.29,25.4,7,8.23,0
ORD-10402,500.42,37.1,12,7.26,0
ORD-10724,513.67,24.4,6,8.9,0
ORD-10349,482.92,28.7,8,5.7,0
ORD-10891,540.58,30.0,13,6.96,0
ORD-10221,350.62,31.9,7,4.51,0
ORD-10531,367.08,19.4,6,6.63,0
ORD-10626,420.83,27.3,5,9.8,0
ORD-10831,426.51,31.4,5,4.86,0
ORD-10814,582.55,28.4,7,6.04,0
ORD-10298,565.03,31.6,7,6.1,1
ORD-10021,481.94,26.6,10,7.05,0
ORD-10048,527.49,38.9,13,3.67,0
ORD-10378,675.18,26.4,11,8.57,0
ORD-10400,372.45,23.7,7,7.54,0
ORD-10501,652.75,26.7,8,3.05,0
ORD-10001,488.94,35.5,7,5.93,0
ORD-10786,566.71,28.1,7,5.7,0
ORD-10162,592.69,21.7,7,8.04,0
ORD-10437,389.59,39.6,12,7.02,0
ORD-10553,520.35,25.0,10,6.63,0
ORD-10627,489.94,37.7,12,8.45,0
ORD-10197,512.3,33.3,10,6.79,0
ORD-10757,514.79,35.7,11,5.87,0
ORD-10960,551.42,29.7,9,4.39,0
ORD-10214,474.78,28.2,6,3.94,0
ORD-10330,499.02,39.2,6,2.27,0
ORD-10278,505.58,31.2,10,11.95,0
ORD-10879,595.07,25.2,8,7.38,0
ORD-10049,358.96,38.3,2,9.41,1
ORD-10769,645.0,33.3,9,5.42,0
ORD-10406,414.59,21.5,10,6.25,0
ORD-10865,468.98,20.0,9,7.03,0
ORD-10526,369.8,41.3,2,6.68,0
ORD-10006,626.34,35.4,4,9.0,1
ORD-10150,520.04,24.1,6,4.62,0
ORD-10480,489.77,34.3,4,8.24,1
ORD-10795,584.25,25.5,7,4.3,0
ORD-10893,593.54,29.3,7,8.03,1
ORD-10132,415.02,39.7,8,6.0,0
ORD-10635,367.61,27.6,7,6.04,0
ORD-10665,508.51,29.9,7,7.27,0
ORD-10715,588.26,29.5,6,4.99,0
ORD-10579,591.5,25.1,6,8.5,0
ORD-10054,582.48,26.7,8,6.74,0
ORD-10760,453.95,39.8,4,7.96,1
ORD-10451,576.41,40.2,7,3.84,1
ORD-10758,431.33,39.7,6,6.51,1
ORD-10744,541.41,24.4,15,3.42,0
ORD-10094,468.63,34.4,9,8.38,1
ORD-10173,527.29,29.6,10,4.44,0
ORD-10277,451.98,32.4,14,5.23,0
ORD-10847,696.42,24.8,7,7.37,0
ORD-10928,625.24,36.6,6,9.78,1
ORD-10335,488.24,28.0,6,7.79,0
ORD-10398,490.84,37.2,9,3.33,0
ORD-10178,478.83,24.1,7,6.53,0
ORD-10756,539.47,29.2,5,5.61,0
ORD-10699,485.21,31.1,9,5.91,0
ORD-10514,453.86,29.5,10,6.13,0
ORD-10163,434.35,20.1,9,5.63,0
ORD-10799,502.38,30.1,12,7.38,0
ORD-10354,498.48,26.5,8,5.76,0
ORD-10338,533.03,27.7,6,8.05,0
ORD-10730,515.67,28.7,7,1.56,0
ORD-10282,626.88,34.2,12,7.51,0
ORD-10921,417.88,34.5,9,5.73,0
ORD-10184,482.12,24.1,7,3.91,0
ORD-10355,419.8,15.0,7,4.28,0
ORD-10923,443.99,31.4,9,4.75,0
ORD-10601,426.23,38.2,2,7.92,1
ORD-10999,545.81,25.5,5,11.79,0
ORD-10932,384.16,27.2,11,8.5,0
ORD-10719,495.44,27.4,8,4.24,0
ORD-10785,586.46,21.3,9,4.94,0
ORD-10725,485.28,36.5,11,3.14,0
ORD-10128,507.97,29.6,5,5.17,0
ORD-10016,418.97,26.1,3,7.23,0
ORD-10570,501.47,34.8,10,9.23,0
ORD-10151,527.72,17.1,6,8.35,0
ORD-10201,544.86,27.4,9,5.08,0
ORD-10141,604.57,38.3,8,7.96,1
ORD-10970,510.25,33.6,12,6.09,0
ORD-10883,583.53,26.4,3,5.68,0
ORD-10745,441.94,31.4,14,7.74,0
ORD-10821,612.75,30.5,10,6.81,0
ORD-10689,535.54,28.4,10,5.4,0
ORD-10907,559.7,23.2,11,9.04,0
ORD-10070,528.91,29.7,6,7.16,0
ORD-10539,453.85,15.0,9,5.07,0
ORD-10368,507.81,27.3,8,8.27,0
ORD-10263,418.05,24.5,9,7.48,0
ORD-10773,577.8,31.2,2,5.1,1
ORD-10404,463.99,36.0,7,8.71,0
ORD-10712,456.41,17.0,9,1.0,0
ORD-10642,479.23,29.5,9,6.45,0
ORD-10283,400.97,35.7,6,6.04,1
ORD-10146,401.04,23.4,11,6.84,0
ORD-10323,667.39,32.9,10,5.53,0
ORD-10290,483.35,32.3,7,6.38,0
ORD-10031,648.18,20.0,4,9.41,0
ORD-10249,532.4,20.7,4,5.65,0
ORD-10667,620.32,27.0,7,7.81,0
ORD-10726,501.47,26.8,7,6.75,0
ORD-10294,528.56,30.5,12,6.63,0
ORD-10393,646.52,30.8,8,5.63,0
ORD-10569,471.88,26.8,6,8.09,0
ORD-10372,616.09,21.8,3,6.53,0
ORD-10341,519.49,30.0,8,4.83,0
ORD-10982,422.64,26.2,4,7.05,0
ORD-10755,710.59,38.2,10,6.92,0
ORD-10910,475.38,40.4,12,8.73,0
ORD-10616,508.75,31.8,11,6.87,0
ORD-10011,462.74,31.2,11,5.35,0
ORD-10759,556.02,37.9,8,6.06,0
ORD-10466,549.13,40.0,5,5.69,1
ORD-10424,551.63,23.7,11,8.71,0
ORD-10462,444.02,28.7,7,7.66,0
ORD-10933,324.1,29.4,8,5.59,0
ORD-10380,432.82,34.1,9,5.96,0
ORD-10776,441.83,26.3,6,9.63,0
ORD-10987,570.19,33.1,8,5.11,0
ORD-10947,444.65,29.8,8,9.42,0
ORD-10174,522.14,25.5,9,7.83,0
ORD-10396,362.95,21.9,8,6.02,0
ORD-10063,404.3,19.6,2,6.85,0
ORD-10707,640.38,41.4,8,10.13,1
ORD-10446,529.33,26.8,3,6.08,0
ORD-10943,492.07,27.9,11,8.18,0
ORD-10358,525.82,21.1,10,4.81,0
ORD-10414,526.59,26.1,6,8.01,0
ORD-10084,435.32,32.3,13,7.64,0
ORD-10967,644.08,29.1,7,7.37,0
ORD-10281,552.97,29.1,6,4.95,0
ORD-10550,506.93,29.4,7,3.77,0
ORD-10946,377.96,32.3,9,5.29,0
ORD-10611,495.55,20.6,9,8.22,0
ORD-10235,550.71,39.8,10,7.8,1
ORD-10794,413.52,31.3,5,5.27,0
ORD-10838,578.75,29.8,9,5.68,0
ORD-10634,419.03,28.0,9,5.57,0
ORD-10877,517.9,28.7,10,2.38,0
ORD-10743,502.09,37.0,8,9.01,1
ORD-10508,503.88,30.5,9,7.67,0
ORD-10787,536.73,25.5,8,7.51,0
ORD-10561,666.03,25.5,8,6.21,0
ORD-10779,549.65,25.8,6,8.53,0
ORD-10285,343.83,22.0,7,10.36,0
ORD-10051,469.19,32.4,7,5.01,0
ORD-10311,587.9,34.9,2,6.87,1
ORD-10374,672.25,38.8,1,5.57,1
ORD-10434,620.19,29.0,12,8.59,0
ORD-10898,596.52,33.4,9,6.79,0
ORD-10060,461.67,34.6,10,5.95,0
ORD-10701,583.92,32.9,5,4.73,1
ORD-10574,566.35,32.8,5,4.16,0
ORD-10344,462.32,35.7,5,7.18,1
ORD-10450,494.99,31.9,10,8.85,0
ORD-10375,438.61,28.7,5,8.2,0
ORD-10996,643.81,29.8,6,8.1,1
ORD-10257,443.39,32.5,8,7.49,0
ORD-10972,567.25,33.9,7,4.65,0
ORD-10266,630.59,29.3,6,5.84,0
ORD-10971,445.52,15.0,5,9.33,0
ORD-10511,495.98,28.8,7,8.97,0
ORD-10226,505.14,30.3,12,9.2,0
ORD-10897,511.74,39.6,3,3.95,1
ORD-10326,592.65,24.4,8,7.56,0
ORD-10729,437.74,41.0,9,4.82,0
ORD-10448,458.89,37.4,6,5.5,0
ORD-10988,482.32,26.2,4,8.69,0
ORD-10656,501.11,31.0,12,4.27,0
ORD-10620,436.76,30.7,8,9.07,0
ORD-10969,385.54,36.8,7,6.84,0
ORD-10312,566.03,38.3,6,6.59,1
ORD-10237,514.92,26.7,13,3.82,0
ORD-10421,640.43,36.4,8,7.24,0
ORD-10258,535.51,25.8,11,8.28,0
ORD-10546,546.17,24.0,7,8.51,0
ORD-10274,421.48,37.3,8,7.18,0
ORD-10683,539.15,31.9,9,4.32,0
ORD-10528,520.78,27.1,9,6.29,0
ORD-10650,647.92,33.5,7,7.99,0
ORD-10342,519.6,32.6,8,3.93,0
ORD-10012,519.36,42.5,8,7.33,1
ORD-10316,554.56,23.6,5,8.74,0
ORD-10413,602.21,43.0,8,8.64,1
ORD-10253,582.6,32.2,4,6.79,1
ORD-10177,616.28,29.4,5,5.57,1
ORD-10964,492.82,33.3,11,8.23,0
ORD-10145,562.55,30.1,8,11.16,1
ORD-10713,531.93,35.1,6,5.06,0
ORD-10095,382.92,29.5,3,5.08,0
ORD-10940,397.58,31.8,11,4.85,0
ORD-10014,362.01,40.4,10,4.64,0
ORD-10168,480.37,33.6,9,7.52,0
ORD-10485,386.22,35.6,8,7.24,0
ORD-10139,401.53,34.2,8,7.47,1
ORD-10389,453.85,25.5,8,8.73,0
ORD-10299,550.37,31.9,13,6.77,0
ORD-10625,459.1,36.5,11,5.18,0
ORD-10029,476.66,23.9,11,3.17,0
ORD-10693,549.27,21.9,6,6.1,0
ORD-10770,556.62,30.3,8,5.06,0
ORD-10144,520.79,29.0,7,5.81,0
ORD-10391,539.35,25.9,10,8.19,0
ORD-10255,461.26,22.7,4,8.56,0
ORD-10195,530.83,32.6,7,5.67,0
ORD-10155,442.85,36.1,12,6.41,0
ORD-10690,471.12,33.5,6,5.45,0
ORD-10711,492.26,29.3,5,12.03,1
ORD-10884,554.55,29.8,14,10.89,0
ORD-10798,502.27,36.5,7,7.29,1
ORD-10873,441.53,34.7,9,9.65,0
ORD-10183,538.6,20.6,7,8.89,0
ORD-10268,464.8,25.6,4,4.29,0
ORD-10007,561.39,33.8,4,4.12,0
ORD-10986,620.27,34.4,9,4.47,0
ORD-10351,618.03,19.2,7,4.36,0
ORD-10499,389.38,33.6,10,7.71,0
ORD-10562,569.69,15.5,9,8.5,0
ORD-10364,555.21,37.2,7,5.49,0
ORD-10624,627.45,41.2,6,9.41,1
ORD-10767,641.66,28.9,13,4.42,0
ORD-10194,513.85,20.4,9,4.62,0
ORD-10003,621.84,26.1,10,7.52,0
ORD-10530,551.09,30.8,2,6.1,1
ORD-10846,523.13,37.6,7,9.31,1
ORD-10630,364.6,32.9,6,3.16,0
ORD-10807,461.7,33.1,6,1.51,0
ORD-10369,438.16,24.7,5,7.53,0
ORD-10584,514.55,32.6,6,5.6,0
ORD-10590,505.73,23.6,6,9.49,0
ORD-10944,647.73,33.7,2,8.15,1
ORD-10792,521.73,29.0,10,7.68,0
ORD-10686,480.77,27.2,9,7.36,0
ORD-10571,634.11,22.5,7,6.05,0
ORD-10641,633.52,38.5,4,6.08,1
ORD-10314,604.44,30.1,12,3.2,0
ORD-10856,433.41,38.4,6,6.38,1
ORD-10673,470.28,24.5,8,6.5,0
ORD-10332,506.06,28.7,9,5.75,0
ORD-10828,466.39,29.4,8,7.75,0
ORD-10973,447.79,31.2,11,5.57,0
ORD-10548,529.69,34.6,9,7.17,0
ORD-10524,438.94,27.8,9,7.12,0
ORD-10185,557.12,35.6,7,8.3,1
ORD-10357,476.91,32.4,9,5.36,0
ORD-10333,445.83,38.9,11,6.14,0
ORD-10639,396.39,23.6,6,6.44,0
ORD-10193,400.34,31.9,4,6.48,0
ORD-10386,527.34,37.8,13,4.37,0
ORD-10908,551.64,22.8,8,5.34,0
ORD-10137,474.24,22.6,10,6.22,0
ORD-10264,479.79,31.0,6,6.25,0
ORD-10250,399.13,32.0,8,5.02,0
ORD-10534,447.85,27.2,8,4.23,0
ORD-10555,467.05,32.2,7,11.42,1
ORD-10732,532.66,29.9,12,5.96,0
ORD-10849,457.52,32.6,4,4.23,0
ORD-10746,514.94,35.9,10,3.32,0
ORD-10968,496.79,28.8,16,6.21,0
ORD-10232,503.65,29.5,13,6.67,0
ORD-10881,457.53,39.7,10,2.41,0
ORD-10871,436.14,28.7,5,7.21,0
ORD-10371,539.84,40.3,13,8.28,0
ORD-10061,485.15,15.0,9,4.57,0
ORD-10765,443.75,24.9,8,5.42,0
ORD-10248,641.24,31.4,7,5.93,0
ORD-10939,454.87,30.6,3,5.69,0
ORD-10914,492.38,19.2,5,7.79,0
ORD-10179,717.61,23.4,7,3.3,0
ORD-10087,526.3,31.4,8,5.92,1
ORD-10516,540.07,39.1,10,11.06,1
ORD-10618,538.48,27.4,9,5.69,0
ORD-10504,447.95,29.0,11,4.58,0
ORD-10109,494.04,41.5,8,10.49,1
ORD-10763,492.32,20.4,11,8.32,0
ORD-10422,480.08,27.8,12,6.18,0
ORD-10752,421.93,26.1,10,7.83,0
ORD-10876,458.59,26.6,10,9.99,0
ORD-10366,517.93,29.8,6,7.24,0
ORD-10210,545.67,22.5,7,6.46,0
ORD-10064,565.0,27.8,6,8.17,0
ORD-10385,512.03,31.8,10,3.36,0
ORD-10670,599.69,28.6,12,6.26,0
ORD-10331,428.22,37.3,8,6.48,0
ORD-10035,402.33,39.4,8,5.16,0
ORD-10149,523.76,24.9,8,9.05,0
ORD-10813,515.72,35.4,7,8.49,1
ORD-10604,533.07,27.1,6,6.56,0
ORD-10305,509.39,24.6,11,9.59,0
ORD-10102,472.58,42.5,11,7.39,0
ORD-10321,547.61,33.2,10,8.83,0
ORD-10397,608.31,24.2,6,4.76,0
ORD-10917,514.93,26.3,7,8.0,0
ORD-10315,501.68,22.1,5,4.5,0
ORD-10415,440.12,35.6,7,5.83,0
ORD-10196,429.29,29.9,9,7.46,0
ORD-10123,387.85,23.1,7,8.84,0
ORD-10055,574.5,26.0,9,5.04,0
ORD-10906,391.21,20.6,11,5.78,0
ORD-10181,431.43,38.4,5,6.39,1
ORD-10056,432.86,29.8,7,5.62,0
ORD-10718,470.91,34.3,5,8.23,1
ORD-10790,534.37,18.7,6,5.53,0
ORD-10805,475.27,20.5,4,6.66,0
ORD-10334,578.01,30.9,11,7.13,0
ORD-10228,442.78,35.8,6,4.48,0
ORD-10023,386.02,42.9,10,4.39,0
ORD-10993,445.44,34.2,11,6.13,0
ORD-10467,560.6,32.4,13,2.55,0
ORD-10981,534.04,21.7,4,5.16,0
ORD-10234,671.52,25.2,11,7.36,0
ORD-10859,550.63,31.6,7,4.56,0
ORD-10753,584.29,19.0,13,5.48,0
ORD-10660,454.11,37.9,8,5.71,0
ORD-10882,460.84,22.6,10,8.85,0
ORD-10948,496.35,36.8,12,6.72,0
ORD-10885,647.74,31.7,11,4.43,0
ORD-10916,548.63,25.3,10,6.12,0
ORD-10276,515.92,43.9,1,5.53,1
ORD-10115,524.12,32.2,5,9.38,1
ORD-10843,530.59,30.6,10,7.17,0
ORD-10047,584.57,20.5,14,5.1,0
ORD-10092,443.84,34.4,9,4.81,0
ORD-10360,541.55,29.9,5,4.71,0
ORD-10749,387.47,36.0,4,7.72,1
ORD-10894,610.57,29.5,7,5.24,0
ORD-10781,393.17,29.5,8,4.22,0
ORD-10469,453.93,32.7,8,5.96,0
ORD-10329,550.27,33.6,6,4.58,0
ORD-10610,552.35,28.2,11,3.18,0
ORD-10566,336.95,30.4,4,10.46,1
ORD-10245,473.24,22.7,9,3.38,0
ORD-10465,482.32,33.5,9,4.93,0
ORD-10120,563.28,36.6,9,5.54,0
ORD-10868,552.68,23.5,8,4.84,0
ORD-10728,456.82,32.2,8,8.02,0
ORD-10080,482.43,27.9,12,6.23,0
ORD-10931,650.49,33.0,8,10.48,1
ORD-10308,543.77,36.5,7,8.85,1
ORD-10808,600.46,20.5,11,6.42,0
ORD-10812,615.76,39.7,7,7.36,1
ORD-10737,578.62,23.6,8,6.41,0
ORD-10425,609.49,18.2,9,6.98,0
ORD-10352,568.61,33.2,8,4.94,0
ORD-10399,599.03,26.1,6,7.76,0
ORD-10870,485.84,23.4,8,7.76,0
ORD-10992,480.23,37.1,6,3.37,0
ORD-10742,450.01,30.4,7,6.19,0
ORD-10202,586.64,30.7,9,3.84,0
ORD-10941,569.8,27.7,7,8.53,0
ORD-10905,503.71,32.7,13,4.7,0
ORD-10198,504.66,31.3,6,8.62,0
ORD-10762,704.81,30.5,9,5.35,0
ORD-10956,527.42,17.2,12,6.72,0
ORD-10502,388.11,25.1,6,6.46,0
ORD-10320,507.76,30.3,12,6.44,0
ORD-10327,563.33,29.1,8,2.94,0
ORD-10605,650.14,24.3,10,6.66,0
ORD-10802,507.69,25.7,5,5.69,0
ORD-10640,473.14,30.1,7,3.15,0
ORD-10025,508.87,32.6,5,5.42,0
ORD-10219,506.55,42.9,8,5.33,0
ORD-10515,560.43,29.3,8,7.17,0
ORD-10629,587.54,35.1,11,1.63,0
ORD-10793,397.86,34.0,10,7.64,0
ORD-10383,457.94,26.4,6,6.96,0
ORD-10293,567.97,35.0,4,7.86,1
ORD-10662,497.38,17.3,14,6.37,0
ORD-10900,529.49,34.2,7,6.36,0
ORD-10104,487.1,36.6,7,8.28,1
ORD-10631,622.36,24.9,9,5.18,0
ORD-10866,522.87,36.2,5,5.47,0
ORD-10517,421.8,33.8,9,5.03,0
ORD-10488,634.97,20.8,9,7.2,0
ORD-10026,407.92,30.2,8,7.92,0
ORD-10224,462.25,28.9,6,8.23,0
ORD-10949,519.47,29.7,6,3.56,0
ORD-10395,462.47,31.1,13,6.21,0
ORD-10038,393.75,31.3,12,7.61,0
ORD-10030,451.86,28.5,13,6.97,0
ORD-10186,537.86,24.1,10,9.44,0
ORD-10780,514.22,21.6,9,8.94,0
ORD-10664,442.97,37.8,7,3.86,0
ORD-10824,464.36,31.0,13,10.12,0
ORD-10977,306.09,35.7,9,6.78,0
ORD-10543,615.33,27.3,8,10.78,0
ORD-10861,378.74,34.9,11,6.32,0
ORD-10192,517.13,26.4,12,4.54,0
ORD-10267,385.59,24.6,4,7.4,0
ORD-10325,402.86,18.1,4,5.61,0
ORD-10313,565.08,33.3,6,6.16,1
ORD-10682,458.04,24.6,6,7.61,0
ORD-10603,608.45,25.2,9,6.06,0
ORD-10388,576.03,30.2,6,6.18,0
ORD-10390,428.13,32.8,8,6.37,0
ORD-10122,612.22,33.8,3,5.3,1
ORD-10589,431.51,30.5,7,6.06,0
ORD-10901,468.53,28.0,7,9.94,0
ORD-10663,456.53,26.4,2,7.4,0
ORD-10022,505.4,29.9,6,3.11,0
ORD-10544,302.27,26.4,6,5.11,0
ORD-10238,447.06,33.4,6,9.26,1
ORD-10735,537.81,20.3,9,7.24,0
ORD-10090,507.77,29.6,13,4.85,0
ORD-10328,549.93,22.7,7,9.79,0
ORD-10585,519.86,34.2,7,1.0,0
ORD-10113,697.06,33.0,6,5.73,1
ORD-10207,541.1,26.0,7,8.18,0
ORD-10587,432.01,27.8,6,7.1,0
ORD-10592,538.32,32.6,6,2.31,0
ORD-10936,418.3,31.5,8,6.85,0
ORD-10596,478.41,33.7,12,7.97,0
ORD-10764,591.94,28.5,8,5.66,0
ORD-10458,455.71,37.7,6,7.69,1
ORD-10486,448.27,21.5,7,5.37,0
ORD-10844,513.32,31.0,3,8.22,1
ORD-10716,509.14,32.0,7,7.63,0
ORD-10942,552.02,31.6,6,8.06,1
ORD-10478,746.31,24.7,3,5.47,0
ORD-10408,509.62,28.1,7,6.82,0
ORD-10318,525.93,26.3,6,10.32,1
ORD-10801,458.72,29.6,6,9.5,0
ORD-10493,431.1,31.1,8,7.64,0
ORD-10522,446.99,28.6,10,4.8,0
ORD-10471,315.85,26.3,5,7.51,0
ORD-10191,568.51,22.0,8,2.43,0
ORD-10778,494.05,27.4,6,4.16,0
ORD-10588,566.43,25.0,9,5.4,0
ORD-10152,445.6,26.2,14,5.95,0
ORD-10929,494.74,41.8,8,8.51,1
ORD-10442,334.6,31.1,13,8.5,0
ORD-10681,409.68,29.9,14,7.23,0
ORD-10734,582.33,34.8,6,9.35,1
ORD-10046,463.15,33.9,8,9.34,1
ORD-10671,334.13,27.8,4,7.2,0
ORD-10979,560.83,32.4,5,8.5,1
ORD-10099,481.23,32.1,6,7.63,0
ORD-10230,441.57,26.7,10,2.88,0
ORD-10108,520.6,26.3,8,5.89,0
ORD-10013,346.94,25.9,12,4.12,0
ORD-10416,624.09,30.3,6,5.69,0
ORD-10324,419.52,30.4,12,5.91,0
ORD-10020,617.25,33.1,4,4.11,1
ORD-10954,493.43,26.4,14,10.27,0
ORD-10832,419.67,35.7,4,6.95,1
ORD-10106,650.89,33.7,4,4.65,1
ORD-10447,424.81,33.5,13,4.86,0
ORD-10435,505.93,31.7,8,6.74,0
ORD-10869,660.82,27.5,11,5.15,0
ORD-10700,458.18,32.1,7,3.82,0
ORD-10353,487.2,34.6,12,6.74,0
ORD-10307,452.67,29.9,9,4.43,0
ORD-10835,518.74,32.2,2,9.26,1
ORD-10439,495.56,34.4,6,8.8,1
ORD-10796,496.84,28.1,8,9.61,0
ORD-10256,601.35,40.0,6,9.95,1
ORD-10918,464.29,29.0,7,5.36,0
ORD-10848,448.98,35.8,8,8.11,0
ORD-10432,478.45,35.2,7,8.89,1
ORD-10527,503.85,39.3,11,7.0,0
ORD-10599,530.18,25.6,4,3.55,0
ORD-10159,552.52,28.1,5,6.78,1
ORD-10261,495.24,30.5,6,10.23,1
ORD-10694,547.45,30.8,5,8.86,1
ORD-10111,497.88,31.3,9,7.91,0
ORD-10085,459.86,32.6,9,5.74,0
ORD-10129,459.72,32.0,10,8.63,0
ORD-10125,675.24,23.1,8,6.04,0
ORD-10275,536.97,30.9,11,5.34,0
ORD-10322,434.54,29.6,5,5.37,0
ORD-10636,565.85,24.3,5,6.44,0
ORD-10506,452.61,34.2,9,6.4,0
ORD-10367,501.01,24.4,10,3.08,0
ORD-10702,443.65,33.8,5,3.21,0
ORD-10649,555.7,45.5,7,8.52,1
ORD-10783,548.85,34.6,6,5.28,0
ORD-10739,581.15,40.3,9,6.07,0
ORD-10072,497.13,30.5,7,6.64,0
ORD-10491,618.4,45.3,7,5.6,1
ORD-10199,408.56,38.2,11,7.09,0
ORD-10188,432.26,33.3,9,6.23,0
ORD-10405,549.83,25.5,6,3.88,0
ORD-10951,528.16,37.6,11,7.81,0
ORD-10101,466.35,15.0,16,6.57,0
ORD-10830,392.44,34.2,5,5.08,0
ORD-10158,404.7,35.9,4,5.02,0
ORD-10655,504.74,28.2,10,9.47,0
ORD-10842,410.18,26.7,10,10.43,0
ORD-10731,421.73,27.9,7,8.06,0
ORD-10455,436.57,19.4,8,6.59,0
ORD-10096,523.69,30.5,8,7.32,0
ORD-10240,436.6,27.7,7,10.38,0
ORD-10066,494.24,22.2,4,6.87,0
ORD-10826,626.37,23.5,5,4.59,0
ORD-10697,399.91,25.9,12,5.42,0
ORD-10974,464.31,29.9,8,7.46,0
ORD-10403,503.76,34.3,4,6.17,0
ORD-10995,477.51,36.4,8,6.81,1
ORD-10167,651.74,33.4,4,2.73,0
ORD-10172,493.83,30.6,8,5.1,0
ORD-10698,573.92,33.1,12,7.06,0
ORD-10457,417.18,32.3,9,6.16,0
ORD-10394,594.36,27.8,8,6.52,0
ORD-10131,505.49,32.5,8,4.27,0
ORD-10081,528.57,27.9,5,6.73,0
ORD-10643,379.75,32.7,8,8.48,0
ORD-10766,497.2,43.0,9,1.53,0
ORD-10496,417.02,42.4,5,5.21,1
ORD-10990,516.67,34.8,13,5.42,0
ORD-10187,494.17,28.7,7,7.26,0
ORD-10582,550.62,23.9,7,7.02,0
ORD-10800,575.06,41.4,8,4.1,1
ORD-10297,524.58,28.3,5,4.76,0
ORD-10658,515.85,24.0,5,8.76,0
ORD-10105,532.32,23.8,13,9.24,0
ORD-10692,413.51,35.2,8,9.55,1
ORD-10963,556.72,33.9,8,4.24,0
ORD-10874,497.35,37.9,9,4.98,0
ORD-10706,397.57,34.0,9,6.96,0
ORD-10346,384.15,15.0,8,5.89,0
ORD-10654,705.87,32.0,10,8.05,0
ORD-10644,480.34,23.6,10,4.84,0
ORD-10076,506.96,20.7,2,8.42,0
ORD-10427,554.88,23.4,6,7.34,0
ORD-10565,467.35,28.3,7,11.34,1
ORD-10600,560.56,28.9,8,5.91,0
ORD-10069,448.39,32.1,11,4.37,0
ORD-10431,336.86,34.9,10,2.57,0
ORD-10684,402.23,22.9,8,5.63,0
ORD-10143,514.77,30.8,9,3.45,0
ORD-10117,406.51,29.7,11,5.66,0
ORD-10231,517.32,21.8,9,5.33,0
ORD-10819,585.24,24.1,4,5.46,0
ORD-10033,415.38,33.9,5,6.64,0
ORD-10044,381.72,29.0,11,8.63,0
ORD-10930,455.58,22.6,11,5.11,0
ORD-10236,337.99,40.1,11,5.55,0
ORD-10118,591.43,31.2,9,4.19,0
ORD-10212,576.32,25.7,5,10.02,0
ORD-10208,541.2,21.6,4,5.04,0
ORD-10147,394.36,21.4,7,6.43,0
ORD-10490,499.36,26.7,5,5.57,0
ORD-10646,284.25,28.9,9,7.63,0
ORD-10738,633.24,35.7,7,4.21,0
ORD-10958,545.58,36.3,6,7.68,0
ORD-10443,492.87,22.2,5,5.67,0
ORD-10494,621.85,39.3,7,4.49,1
ORD-10647,495.66,35.9,2,6.2,1
ORD-10015,455.02,31.2,4,8.76,0
ORD-10160,422.03,15.0,5,7.57,0
ORD-10564,596.1,34.4,10,6.94,0
ORD-10537,469.24,26.8,6,9.86,0
