order_id,order_amount,delivery_time,customer_orders,distance,actual_cancelled,predicted_class,predicted_prob
ORD-10387,650.09,39.4,6,7.26,1,1,0.981
ORD-10317,475.18,28.2,6,7.36,0,0,0.0339
ORD-10782,530.42,21.0,14,4.17,0,0,0.0
ORD-10991,336.66,34.5,7,5.04,0,0,0.0066
ORD-10401,452.05,33.2,6,5.27,0,0,0.0399
ORD-10005,481.27,32.4,6,5.1,0,0,0.0349
ORD-10337,474.29,28.2,10,5.12,0,0,0.0002
ORD-10628,504.46,30.4,9,5.96,0,0,0.0043
ORD-10862,623.8,34.8,7,2.02,0,0,0.0214
ORD-10878,498.69,19.9,9,3.09,0,0,0.0
ORD-10453,540.32,45.6,8,8.16,1,1,0.9907
ORD-10481,423.56,27.8,12,3.62,0,0,0.0
ORD-10043,475.91,29.8,2,6.28,0,0,0.3642
ORD-10980,562.86,24.2,8,6.68,0,0,0.0021
ORD-10319,489.59,28.9,9,4.42,0,0,0.0005
ORD-10680,557.73,32.4,7,5.7,0,0,0.0717
ORD-10417,509.25,31.6,14,7.47,0,0,0.0007
ORD-10887,471.26,32.5,8,7.58,0,0,0.0609
ORD-10175,566.17,28.3,8,11.06,0,0,0.4008
ORD-10519,560.11,41.1,9,4.61,1,0,0.2707
ORD-10382,330.09,42.9,8,5.76,0,0,0.202
ORD-10551,487.55,28.8,6,3.71,0,0,0.0022
ORD-10148,541.76,39.6,9,5.98,1,0,0.3276
ORD-10384,439.27,34.5,4,4.52,0,0,0.1293
ORD-10720,524.62,33.1,5,6.85,1,0,0.4587
ORD-10472,378.78,29.2,9,6.09,0,0,0.0006
ORD-10050,525.93,26.2,12,7.37,0,0,0.0003
ORD-10356,498.52,26.7,9,7.56,0,0,0.003
ORD-10615,510.34,49.2,12,5.52,0,1,0.6525
ORD-10945,414.39,27.8,7,4.67,0,0,0.0006
ORD-10254,378.45,37.4,9,4.14,0,0,0.0043
ORD-10552,593.42,24.7,7,6.18,0,0,0.0054
ORD-10487,413.48,19.4,9,5.71,0,0,0.0
ORD-10676,411.15,37.3,11,4.19,0,0,0.0015
ORD-10775,374.38,22.1,6,4.3,0,0,0.0
ORD-10475,480.08,33.9,10,6.58,0,0,0.0127
ORD-10412,377.27,32.7,10,6.2,0,0,0.0014
ORD-10156,649.26,25.9,8,5.5,0,0,0.005
ORD-10556,460.99,35.5,10,5.88,0,0,0.0113
ORD-10112,504.82,35.2,5,7.9,1,1,0.8113
ORD-10668,287.92,35.0,8,7.41,0,0,0.0163
ORD-10310,482.59,29.8,6,7.09,1,0,0.0596
ORD-10576,518.85,20.3,8,5.74,0,0,0.0001
ORD-10880,702.15,35.8,8,1.54,0,0,0.0287
ORD-10086,573.23,36.2,8,9.15,0,1,0.8379
ORD-10920,585.89,18.1,10,2.9,0,0,0.0
ORD-10209,808.22,40.5,7,5.77,1,1,0.9883
ORD-10041,513.71,27.2,2,4.57,0,0,0.0598
ORD-10071,623.04,32.9,8,1.06,0,0,0.0019
ORD-10529,427.65,23.3,5,3.89,0,0,0.0002
ORD-10270,615.3,36.5,9,4.13,0,0,0.0569
ORD-10959,535.82,31.3,12,8.17,0,0,0.0071
ORD-10027,530.06,30.7,6,6.44,0,0,0.091
ORD-10409,541.16,28.5,6,9.57,0,0,0.3928
ORD-10495,543.11,42.0,8,9.95,1,1,0.9902
ORD-10975,348.84,27.7,11,4.52,0,0,0.0
ORD-10336,433.96,26.3,8,9.87,0,0,0.017
ORD-10864,450.98,37.8,9,6.83,0,0,0.1224
ORD-10804,465.24,19.2,9,9.42,0,0,0.0003
ORD-10602,569.57,26.1,6,6.18,0,0,0.0158
ORD-10000,539.74,38.4,6,7.69,1,1,0.92
ORD-10340,434.22,31.0,6,1.22,0,0,0.0004
ORD-10059,578.04,27.8,7,8.92,0,0,0.1683
ORD-10563,473.92,35.3,9,8.61,1,0,0.2197
ORD-10225,587.12,29.2,8,9.43,1,0,0.2419
ORD-10452,421.14,31.4,8,8.11,0,0,0.0316
ORD-10925,378.15,24.5,7,6.05,0,0,0.0003
ORD-10239,568.19,39.8,12,6.57,0,0,0.1174
ORD-10837,420.13,30.7,9,8.78,0,0,0.0195
ORD-10200,528.62,30.8,6,7.21,0,0,0.1676
ORD-10302,559.78,29.0,5,5.36,0,0,0.0525
ORD-10203,584.3,33.3,7,5.67,0,0,0.1379
ORD-10852,449.01,22.8,8,7.95,0,0,0.0008
ORD-10034,565.8,27.1,11,3.46,0,0,0.0001
ORD-10688,556.88,31.7,7,7.69,0,0,0.2394
ORD-10134,426.45,28.5,6,2.22,0,0,0.0002
ORD-10303,548.83,25.5,7,8.43,0,0,0.0306
ORD-10791,516.62,30.7,4,3.88,0,0,0.0387
ORD-10343,459.44,37.1,13,7.4,0,0,0.0092
ORD-10018,427.36,28.1,10,8.67,0,0,0.0028
ORD-10077,476.08,27.4,5,9.71,0,0,0.2877
ORD-10772,550.59,26.3,12,4.95,0,0,0.0001
ORD-10438,363.73,32.9,5,6.88,1,0,0.091
ORD-10243,569.26,23.9,8,4.57,0,0,0.0003
ORD-10260,425.85,33.3,4,3.19,0,0,0.0221
ORD-10860,516.23,29.2,9,5.97,0,0,0.0029
ORD-10461,502.82,22.7,12,9.23,0,0,0.0002
ORD-10833,438.58,31.7,5,4.81,0,0,0.0242
ORD-10614,695.66,28.9,4,9.4,1,1,0.9563
ORD-10867,526.76,36.8,10,7.67,0,0,0.1871
ORD-10834,497.23,26.3,12,8.69,0,0,0.0007
ORD-10572,526.15,31.8,15,5.5,0,0,0.0001
ORD-10215,560.72,37.5,7,5.75,1,0,0.4648
ORD-10657,498.07,37.9,8,9.19,1,1,0.816
ORD-10815,381.16,24.7,7,6.41,0,0,0.0004
ORD-10595,459.2,23.9,4,4.85,0,0,0.002
ORD-10028,451.95,33.7,9,5.14,0,0,0.0049
ORD-10904,515.29,29.4,9,7.9,0,0,0.017
ORD-10363,532.14,24.2,13,5.47,0,0,0.0
ORD-10913,626.2,33.0,6,5.88,1,0,0.3777
ORD-10107,513.97,23.7,10,10.03,0,0,0.0038
ORD-10586,463.25,31.1,8,5.18,0,0,0.0038
ORD-10902,502.3,37.0,11,10.05,1,0,0.4102
ORD-10557,465.4,25.2,6,5.4,0,0,0.0014
ORD-10042,490.75,36.5,6,5.88,1,0,0.3457
ORD-10213,552.11,35.4,7,10.15,1,1,0.9325
ORD-10666,479.6,24.0,5,7.78,0,0,0.0162
ORD-10097,520.88,18.0,9,4.55,0,0,0.0
ORD-10468,457.56,22.8,12,4.28,0,0,0.0
ORD-10217,481.05,31.7,11,7.24,0,0,0.004
ORD-10677,640.18,39.1,6,3.93,0,1,0.6845
ORD-10687,470.01,31.2,5,2.51,0,0,0.004
ORD-10851,455.56,40.7,13,8.13,0,0,0.0801
ORD-10420,664.86,33.2,8,5.79,0,0,0.1846
ORD-10957,536.54,48.8,5,9.97,1,1,1.0
ORD-10130,375.95,31.9,5,6.82,0,0,0.0657
ORD-10304,498.33,33.2,5,7.26,1,0,0.475
ORD-10827,458.17,38.5,7,8.23,1,1,0.7617
ORD-10470,478.0,37.2,8,6.29,0,0,0.1651
ORD-10606,438.1,30.7,6,7.89,0,0,0.098
ORD-10126,420.76,31.8,7,5.03,0,0,0.0056
ORD-10934,535.2,45.9,10,4.95,1,1,0.6075
ORD-10733,363.79,28.2,3,7.21,0,0,0.0648
ORD-10768,449.84,30.7,10,4.82,0,0,0.0004
ORD-10836,624.04,23.1,7,6.41,0,0,0.0047
ORD-10019,387.02,32.5,5,2.32,0,0,0.0021
ORD-10736,520.48,23.7,8,6.84,0,0,0.0011
ORD-10927,530.18,28.3,6,8.18,0,0,0.1322
ORD-10675,437.77,28.1,6,4.64,0,0,0.0019
ORD-10211,590.85,25.8,7,8.75,0,0,0.076
ORD-10912,519.95,33.8,4,4.15,0,0,0.1805
ORD-10789,367.12,38.0,10,6.2,0,0,0.014
ORD-10591,461.79,15.0,6,6.34,0,0,0.0
ORD-10121,427.25,37.1,9,8.9,0,0,0.3122
ORD-10818,506.58,28.7,7,5.47,0,0,0.006
ORD-10678,574.85,36.0,9,5.66,0,0,0.0978
ORD-10858,455.82,31.7,10,6.98,0,0,0.0049
ORD-10171,434.74,31.7,11,5.4,0,0,0.0004
ORD-10822,683.91,28.7,11,4.81,0,0,0.0017
ORD-10679,601.72,27.4,12,10.62,0,0,0.0233
ORD-10288,522.48,23.4,3,4.56,0,0,0.0058
ORD-10857,537.71,28.5,5,6.59,0,0,0.0885
ORD-10674,387.4,39.7,9,7.35,0,0,0.1879
ORD-10937,556.67,32.8,7,4.8,0,0,0.04
ORD-10133,537.89,32.7,8,6.24,0,0,0.0495
ORD-10895,551.9,27.8,5,4.52,0,0,0.0137
ORD-10811,464.82,30.9,8,6.77,0,0,0.0139
ORD-10075,565.75,27.0,11,7.7,0,0,0.0021
ORD-10445,553.57,26.1,4,5.79,0,0,0.04
ORD-10710,516.88,36.6,8,6.56,0,0,0.2388
ORD-10002,551.82,30.4,7,5.77,0,0,0.0295
ORD-10659,488.45,36.8,8,4.21,0,0,0.0297
ORD-10377,514.67,36.2,13,3.75,0,0,0.0005
ORD-10505,461.03,27.3,10,8.34,0,0,0.0023
ORD-10559,466.32,28.4,7,8.44,0,0,0.0399
ORD-10039,515.75,36.3,7,2.44,0,0,0.0154
ORD-10460,657.18,29.2,11,7.23,0,0,0.0121
ORD-10273,500.82,28.1,11,3.58,0,0,0.0
ORD-10510,521.64,23.1,11,5.07,0,0,0.0
ORD-10774,549.74,25.5,6,6.81,0,0,0.0162
ORD-10886,546.71,25.1,8,5.86,0,0,0.0013
ORD-10259,561.97,29.7,8,8.94,0,0,0.1591
ORD-10474,631.6,25.3,8,5.66,0,0,0.0035
ORD-10594,583.0,15.8,7,6.7,0,0,0.0001
ORD-10609,619.68,28.5,5,6.84,0,0,0.2574
ORD-10252,669.77,18.0,5,8.77,0,0,0.0281
ORD-10558,531.56,39.0,8,6.75,0,1,0.5733
ORD-10204,389.79,30.3,7,5.05,0,0,0.0019
ORD-10771,455.0,40.2,7,8.47,1,1,0.8919
ORD-10205,424.97,30.2,8,6.17,0,0,0.0036
ORD-10632,487.36,26.1,9,8.02,0,0,0.0029
ORD-10652,478.49,31.2,6,6.58,0,0,0.0682
ORD-10114,484.61,30.9,8,6.65,0,0,0.0162
ORD-10057,475.26,37.0,8,7.08,1,0,0.2577
ORD-10157,537.91,43.5,7,8.73,1,1,0.9927
ORD-10741,397.63,29.0,8,5.75,0,0,0.001
ORD-10269,510.46,37.4,8,6.36,1,0,0.2592
ORD-10127,454.7,25.5,6,5.19,0,0,0.0012
ORD-10300,433.68,26.0,10,8.36,0,0,0.0009
ORD-10180,550.05,31.1,8,5.11,0,0,0.0108
ORD-10575,323.11,29.8,6,8.77,0,0,0.0341
ORD-10617,558.06,25.5,6,5.96,0,0,0.0086
ORD-10119,560.15,36.3,6,9.64,1,1,0.9691
ORD-10669,587.32,33.3,8,4.04,0,0,0.0186
ORD-10241,490.82,28.8,9,6.68,0,0,0.0033
ORD-10301,455.19,36.0,10,6.95,0,0,0.0328
ORD-10410,556.93,38.0,7,6.25,1,1,0.6167
ORD-10997,551.27,24.7,13,8.88,0,0,0.0004
ORD-10169,439.7,35.1,10,8.3,0,0,0.0563
ORD-10577,561.67,37.0,13,7.1,0,0,0.0248
ORD-10924,595.6,42.4,7,6.54,1,1,0.9624
ORD-10272,593.05,23.4,13,3.79,0,0,0.0
ORD-10691,592.75,27.2,7,7.31,0,0,0.0436
ORD-10721,363.19,28.4,9,7.43,0,0,0.001
ORD-10497,484.77,37.3,12,8.43,0,0,0.0683
ORD-10567,419.35,33.1,6,3.69,0,0,0.0065
ORD-10521,543.47,33.5,11,5.08,0,0,0.0031
ORD-10065,608.5,23.3,9,7.54,0,0,0.0025
ORD-10850,450.15,26.1,9,6.04,0,0,0.0003
ORD-10103,435.82,29.2,9,5.94,0,0,0.001
