order_id,order_amount,delivery_time,customer_orders,distance
ORD-ONL-20000,1174.82,50.9,5,12.22
ORD-ONL-20001,925.38,48.2,6,3.03
ORD-ONL-20002,958.96,45.3,5,12.18
ORD-ONL-20003,910.46,57.0,3,9.02
ORD-ONL-20004,928.13,58.2,1,13.02
ORD-ONL-20005,811.68,37.0,4,14.3
ORD-ONL-20006,748.23,27.3,4,11.84
ORD-ONL-20007,922.72,42.7,2,7.01
ORD-ONL-20008,607.82,50.8,5,8.79
ORD-ONL-20009,938.81,50.2,2,14.61
ORD-ONL-20010,913.46,50.9,4,8.76
ORD-ONL-20011,779.32,57.1,6,11.27
ORD-ONL-20012,872.64,56.2,4,9.79
ORD-ONL-20013,758.94,44.5,5,3.52
ORD-ONL-20014,738.01,36.9,7,6.96
ORD-ONL-20015,964.61,41.9,3,13.09
ORD-ONL-20016,872.9,57.6,4,10.07
ORD-ONL-20017,1087.45,42.3,6,13.85
ORD-ONL-20018,1162.72,57.1,3,4.77
ORD-ONL-20019,932.02,53.4,4,9.9
ORD-ONL-20020,886.32,65.4,5,15.27
ORD-ONL-20021,1053.25,47.9,5,14.32
ORD-ONL-20022,645.27,29.3,3,11.63
ORD-ONL-20023,710.91,64.2,6,13.2
ORD-ONL-20024,833.82,48.3,2,16.94
ORD-ONL-20025,896.86,47.0,6,10.01
ORD-ONL-20026,870.03,59.5,10,12.4
ORD-ONL-20027,872.14,45.2,5,7.51
ORD-ONL-20028,946.92,39.4,8,11.01
ORD-ONL-20029,858.76,45.2,10,7.85
ORD-ONL-20030,926.65,52.6,6,11.75
ORD-ONL-20031,889.56,44.9,2,9.75
ORD-ONL-20032,790.35,62.6,7,16.44
ORD-ONL-20033,759.51,40.2,6,7.7
ORD-ONL-20034,736.79,41.7,5,15.6
ORD-ONL-20035,908.17,36.9,7,8.8
ORD-ONL-20036,835.99,63.4,8,10.13
ORD-ONL-20037,1078.21,61.9,6,12.95
ORD-ONL-20038,878.58,45.6,6,4.36
ORD-ONL-20039,1089.6,40.9,2,15.69
ORD-ONL-20040,730.81,33.7,3,4.1
ORD-ONL-20041,873.62,59.6,3,12.96
ORD-ONL-20042,713.6,53.0,4,10.85
ORD-ONL-20043,850.04,53.2,9,11.56
ORD-ONL-20044,973.12,45.0,6,12.91
ORD-ONL-20045,831.21,57.7,4,10.93
ORD-ONL-20046,846.21,48.2,4,12.79
ORD-ONL-20047,927.98,38.4,8,12.82
ORD-ONL-20048,1108.58,40.7,2,14.17
ORD-ONL-20049,776.77,50.1,6,12.55
ORD-ONL-20050,759.36,36.9,4,14.27
ORD-ONL-20051,808.43,52.2,5,8.72
ORD-ONL-20052,867.64,40.3,1,8.32
ORD-ONL-20053,792.47,44.1,8,7.64
ORD-ONL-20054,917.05,43.6,4,7.75
ORD-ONL-20055,972.98,45.3,10,7.96
ORD-ONL-20056,738.9,52.2,3,9.65
ORD-ONL-20057,1073.54,37.3,7,3.14
ORD-ONL-20058,713.94,42.5,3,6.62
ORD-ONL-20059,923.26,36.8,1,10.64
ORD-ONL-20060,896.32,43.8,5,12.58
ORD-ONL-20061,1100.08,39.8,3,7.87
ORD-ONL-20062,804.82,49.0,7,8.33
ORD-ONL-20063,877.64,51.5,8,9.82
ORD-ONL-20064,931.75,63.5,5,10.8
ORD-ONL-20065,974.22,44.1,4,11.0
ORD-ONL-20066,846.26,58.7,6,10.31
ORD-ONL-20067,1082.79,43.5,6,13.48
ORD-ONL-20068,729.38,42.5,4,8.34
ORD-ONL-20069,760.99,53.0,5,11.05
ORD-ONL-20070,872.45,56.1,5,13.31
ORD-ONL-20071,762.06,56.7,7,15.44
ORD-ONL-20072,684.05,52.1,6,16.76
ORD-ONL-20073,1027.9,49.2,5,11.34
ORD-ONL-20074,965.37,62.2,3,7.11
ORD-ONL-20075,593.05,44.1,3,19.46
ORD-ONL-20076,969.11,41.1,4,2.0
ORD-ONL-20077,993.07,42.8,3,12.87
ORD-ONL-20078,724.39,37.5,5,11.92
ORD-ONL-20079,1005.13,42.5,9,13.73
ORD-ONL-20080,673.9,60.7,5,10.8
ORD-ONL-20081,790.71,34.9,9,12.08
ORD-ONL-20082,830.5,62.0,3,12.84
ORD-ONL-20083,908.3,35.5,4,11.27
ORD-ONL-20084,897.1,56.5,5,11.61
ORD-ONL-20085,876.58,25.9,8,10.08
ORD-ONL-20086,747.38,62.0,8,12.54
ORD-ONL-20087,1035.04,42.4,3,13.21
ORD-ONL-20088,929.96,49.5,4,11.45
ORD-ONL-20089,785.41,47.3,5,5.6
ORD-ONL-20090,781.77,45.2,4,7.99
ORD-ONL-20091,1018.88,60.4,4,11.4
ORD-ONL-20092,927.02,56.6,2,8.04
ORD-ONL-20093,741.39,47.5,7,17.9
ORD-ONL-20094,803.06,51.8,8,11.04
ORD-ONL-20095,973.4,55.6,10,14.02
ORD-ONL-20096,613.29,45.5,4,12.53
ORD-ONL-20097,745.97,54.9,7,11.28
ORD-ONL-20098,936.49,56.5,5,9.37
ORD-ONL-20099,703.23,43.2,3,10.55
ORD-ONL-20100,1042.81,38.7,4,10.39
ORD-ONL-20101,716.11,50.7,3,10.01
ORD-ONL-20102,683.75,40.8,9,16.01
ORD-ONL-20103,690.44,51.5,6,5.23
ORD-ONL-20104,854.98,45.8,4,3.09
ORD-ONL-20105,800.67,56.1,6,6.81
ORD-ONL-20106,757.44,55.3,3,5.78
ORD-ONL-20107,863.26,65.0,3,12.76
ORD-ONL-20108,753.44,58.1,4,6.63
ORD-ONL-20109,880.43,52.3,5,10.87
ORD-ONL-20110,927.9,43.1,5,12.74
ORD-ONL-20111,893.07,39.8,5,12.41
ORD-ONL-20112,720.34,52.3,3,14.07
ORD-ONL-20113,958.29,58.6,3,10.53
ORD-ONL-20114,869.41,55.2,7,11.4
ORD-ONL-20115,949.96,47.0,4,12.53
ORD-ONL-20116,967.09,43.5,4,7.55
ORD-ONL-20117,803.41,57.3,4,9.24
ORD-ONL-20118,944.0,50.1,2,7.24
ORD-ONL-20119,764.93,33.7,3,7.48
ORD-ONL-20120,920.42,60.4,4,10.7
ORD-ONL-20121,655.44,30.2,6,14.96
ORD-ONL-20122,931.3,41.8,7,14.9
ORD-ONL-20123,853.13,44.7,6,7.99
ORD-ONL-20124,648.61,52.9,3,14.54
ORD-ONL-20125,890.08,43.7,7,4.35
ORD-ONL-20126,786.1,42.5,9,10.64
ORD-ONL-20127,1104.13,47.8,6,13.63
ORD-ONL-20128,873.7,57.2,2,6.93
ORD-ONL-20129,1126.36,45.3,7,13.92
ORD-ONL-20130,937.48,65.0,5,12.28
ORD-ONL-20131,746.43,50.2,6,8.16
ORD-ONL-20132,886.68,44.0,5,7.69
ORD-ONL-20133,879.18,44.6,2,14.49
ORD-ONL-20134,953.7,42.7,2,11.62
ORD-ONL-20135,662.69,53.3,6,14.89
ORD-ONL-20136,819.77,45.7,5,12.54
ORD-ONL-20137,780.63,46.7,3,15.76
ORD-ONL-20138,878.44,42.9,1,7.93
ORD-ONL-20139,874.09,62.6,3,10.62
ORD-ONL-20140,889.34,32.7,8,8.04
ORD-ONL-20141,930.94,45.3,5,12.95
ORD-ONL-20142,829.11,51.1,2,15.61
ORD-ONL-20143,943.62,50.6,6,8.44
ORD-ONL-20144,804.01,48.3,2,9.73
ORD-ONL-20145,800.88,54.1,7,11.5
ORD-ONL-20146,891.22,50.0,6,5.52
ORD-ONL-20147,873.55,46.4,6,11.54
ORD-ONL-20148,732.07,39.7,3,10.2
ORD-ONL-20149,1117.79,50.7,7,13.51
ORD-ONL-20150,733.43,39.2,7,12.82
ORD-ONL-20151,667.32,31.8,2,7.07
ORD-ONL-20152,986.04,55.7,2,15.25
ORD-ONL-20153,913.38,45.9,7,13.11
ORD-ONL-20154,897.22,44.1,9,13.69
ORD-ONL-20155,774.34,46.4,9,18.6
ORD-ONL-20156,682.21,46.9,1,11.74
ORD-ONL-20157,823.68,45.4,5,12.59
ORD-ONL-20158,844.52,46.5,3,13.42
ORD-ONL-20159,851.49,49.9,7,10.61
ORD-ONL-20160,861.24,46.9,4,8.26
ORD-ONL-20161,998.9,52.3,8,11.16
ORD-ONL-20162,718.28,68.0,6,9.39
ORD-ONL-20163,621.04,56.0,2,10.15
ORD-ONL-20164,804.39,51.9,5,12.96
ORD-ONL-20165,650.07,48.9,4,11.28
ORD-ONL-20166,521.56,51.1,2,9.67
ORD-ONL-20167,1032.71,54.5,7,9.69
ORD-ONL-20168,871.36,51.7,6,13.93
ORD-ONL-20169,774.78,57.6,5,10.04
ORD-ONL-20170,803.07,56.8,2,8.22
ORD-ONL-20171,1059.22,46.5,4,6.74
ORD-ONL-20172,985.6,44.3,3,9.76
ORD-ONL-20173,957.74,52.0,3,11.01
ORD-ONL-20174,889.7,61.5,6,13.18
ORD-ONL-20175,722.43,39.4,4,14.94
ORD-ONL-20176,834.95,51.7,4,8.57
ORD-ONL-20177,736.53,47.6,9,13.59
ORD-ONL-20178,1093.55,46.8,6,16.44
ORD-ONL-20179,724.44,46.3,4,11.78
ORD-ONL-20180,693.22,60.6,4,8.11
ORD-ONL-20181,654.05,56.7,6,9.75
ORD-ONL-20182,946.26,49.3,5,12.94
ORD-ONL-20183,649.9,44.0,4,5.59
ORD-ONL-20184,923.06,55.5,8,12.42
ORD-ONL-20185,884.38,50.9,4,10.7
ORD-ONL-20186,825.3,44.6,3,7.98
ORD-ONL-20187,1149.28,44.8,8,14.82
ORD-ONL-20188,784.33,50.2,7,8.32
ORD-ONL-20189,909.61,34.8,5,16.61
ORD-ONL-20190,701.73,46.8,5,10.83
ORD-ONL-20191,754.19,45.8,2,11.38
ORD-ONL-20192,940.49,43.5,6,6.01
ORD-ONL-20193,757.36,53.6,8,6.78
ORD-ONL-20194,845.87,41.9,6,4.5
ORD-ONL-20195,932.61,49.9,4,9.27
ORD-ONL-20196,859.78,44.9,2,14.51
ORD-ONL-20197,800.18,44.9,4,8.6
ORD-ONL-20198,856.44,44.1,7,11.34
ORD-ONL-20199,596.19,70.9,3,12.84
ORD-ONL-20200,816.46,48.8,9,7.67
ORD-ONL-20201,977.53,41.4,4,12.43
ORD-ONL-20202,1060.24,35.1,6,11.36
ORD-ONL-20203,933.47,36.2,8,12.91
ORD-ONL-20204,868.44,40.1,3,9.14
ORD-ONL-20205,870.12,44.1,3,11.86
ORD-ONL-20206,758.09,46.4,9,12.84
ORD-ONL-20207,965.48,56.4,8,9.54
ORD-ONL-20208,958.34,44.2,7,10.46
ORD-ONL-20209,785.45,51.0,8,13.03
ORD-ONL-20210,664.04,47.8,4,11.91
ORD-ONL-20211,902.23,52.9,7,7.68
ORD-ONL-20212,1001.19,52.1,6,9.63
ORD-ONL-20213,796.25,48.2,7,10.45
ORD-ONL-20214,881.94,47.2,3,7.48
ORD-ONL-20215,899.51,63.7,2,7.71
ORD-ONL-20216,968.65,48.9,7,9.31
ORD-ONL-20217,911.66,38.8,8,6.69
ORD-ONL-20218,738.62,43.3,2,12.31
ORD-ONL-20219,951.63,34.6,4,11.45
ORD-ONL-20220,814.19,42.8,3,14.39
ORD-ONL-20221,853.5,36.2,7,13.03
ORD-ONL-20222,956.68,56.2,2,10.09
ORD-ONL-20223,629.29,65.9,7,8.5
ORD-ONL-20224,953.63,50.2,5,7.69
ORD-ONL-20225,720.81,41.9,6,6.82
ORD-ONL-20226,780.35,42.0,3,10.88
ORD-ONL-20227,995.08,37.8,3,9.31
ORD-ONL-20228,994.21,36.8,5,18.42
ORD-ONL-20229,751.54,46.0,3,13.29
ORD-ONL-20230,726.45,56.1,9,10.55
ORD-ONL-20231,667.02,44.8,4,12.28
ORD-ONL-20232,747.42,33.8,6,4.08
ORD-ONL-20233,1042.34,64.9,4,12.57
ORD-ONL-20234,872.26,32.8,4,14.65
ORD-ONL-20235,730.72,52.9,7,12.72
ORD-ONL-20236,834.17,63.3,4,10.09
ORD-ONL-20237,689.79,57.6,5,9.92
ORD-ONL-20238,839.28,54.3,6,13.04
ORD-ONL-20239,933.83,32.2,4,10.79
ORD-ONL-20240,680.9,54.6,5,5.05
ORD-ONL-20241,954.51,42.3,5,15.44
ORD-ONL-20242,1040.3,47.8,7,12.2
ORD-ONL-20243,961.56,36.4,2,9.8
ORD-ONL-20244,783.89,38.0,7,13.52
ORD-ONL-20245,963.05,39.9,4,11.56
ORD-ONL-20246,732.96,63.3,4,17.57
ORD-ONL-20247,723.42,40.8,8,12.47
ORD-ONL-20248,1109.85,36.9,4,4.33
ORD-ONL-20249,697.93,28.7,5,6.51
ORD-ONL-20250,753.66,62.6,4,12.05
ORD-ONL-20251,819.58,53.4,7,9.08
ORD-ONL-20252,860.88,43.7,6,7.01
ORD-ONL-20253,1008.61,28.4,5,13.2
ORD-ONL-20254,945.3,39.4,3,11.77
ORD-ONL-20255,1013.17,41.6,8,5.72
ORD-ONL-20256,942.64,64.4,5,9.67
ORD-ONL-20257,885.31,40.9,8,12.11
ORD-ONL-20258,683.02,53.3,3,9.51
ORD-ONL-20259,867.7,34.2,6,9.72
ORD-ONL-20260,762.46,45.2,5,15.88
ORD-ONL-20261,763.59,56.2,6,9.1
ORD-ONL-20262,815.77,43.0,5,11.22
ORD-ONL-20263,1100.86,36.6,4,7.47
ORD-ONL-20264,970.49,54.1,4,13.49
ORD-ONL-20265,973.83,52.7,6,10.03
ORD-ONL-20266,720.27,50.4,8,6.89
ORD-ONL-20267,849.96,57.0,4,16.62
ORD-ONL-20268,823.61,44.2,3,13.73
ORD-ONL-20269,885.14,51.0,1,9.66
ORD-ONL-20270,950.12,39.0,2,7.98
ORD-ONL-20271,833.15,45.9,4,3.49
ORD-ONL-20272,864.3,48.5,4,12.01
ORD-ONL-20273,929.89,30.6,4,9.26
ORD-ONL-20274,898.91,43.2,5,7.4
ORD-ONL-20275,946.94,53.7,5,8.45
ORD-ONL-20276,521.62,35.2,2,7.51
ORD-ONL-20277,731.78,42.3,7,11.76
ORD-ONL-20278,831.37,48.9,7,9.37
ORD-ONL-20279,728.41,72.3,6,6.54
ORD-ONL-20280,719.51,55.9,3,14.89
ORD-ONL-20281,541.87,43.6,4,10.03
ORD-ONL-20282,929.32,35.4,4,12.31
ORD-ONL-20283,810.05,45.1,5,9.18
ORD-ONL-20284,738.57,48.3,4,6.45
ORD-ONL-20285,1055.91,56.8,9,10.63
ORD-ONL-20286,793.75,43.7,8,9.05
ORD-ONL-20287,953.21,54.7,5,17.47
ORD-ONL-20288,877.61,56.9,4,15.61
ORD-ONL-20289,924.24,46.1,5,18.79
ORD-ONL-20290,603.69,54.3,5,10.63
ORD-ONL-20291,830.0,45.1,1,7.45
ORD-ONL-20292,796.5,48.2,8,7.76
ORD-ONL-20293,932.3,35.8,1,7.05
ORD-ONL-20294,1184.2,48.4,7,7.86
ORD-ONL-20295,1032.85,54.9,4,7.99
ORD-ONL-20296,1004.83,52.7,4,12.65
ORD-ONL-20297,672.6,46.1,5,15.54
ORD-ONL-20298,875.71,56.1,5,8.27
ORD-ONL-20299,821.14,43.3,10,11.22
ORD-ONL-20300,679.49,46.2,6,6.16
ORD-ONL-20301,888.6,37.1,7,7.15
ORD-ONL-20302,970.88,53.5,7,14.97
ORD-ONL-20303,889.57,44.5,4,10.75
ORD-ONL-20304,960.46,49.9,5,14.16
ORD-ONL-20305,1011.9,49.5,6,5.51
ORD-ONL-20306,804.66,48.0,2,10.28
ORD-ONL-20307,1084.65,50.5,4,7.85
ORD-ONL-20308,747.0,54.0,9,5.7
ORD-ONL-20309,823.33,47.3,3,8.49
ORD-ONL-20310,843.86,52.4,3,8.68
ORD-ONL-20311,797.3,49.4,7,11.2
ORD-ONL-20312,669.88,52.7,6,17.81
ORD-ONL-20313,977.0,46.0,5,18.29
ORD-ONL-20314,1072.6,56.3,10,10.63
ORD-ONL-20315,910.27,53.0,6,9.76
ORD-ONL-20316,863.75,41.3,7,6.35
ORD-ONL-20317,805.78,46.7,9,11.4
ORD-ONL-20318,905.12,42.0,10,11.06
ORD-ONL-20319,920.26,33.7,4,9.99
ORD-ONL-20320,828.17,46.3,2,12.02
ORD-ONL-20321,777.61,58.6,7,9.93
ORD-ONL-20322,543.68,53.5,9,10.77
ORD-ONL-20323,846.17,47.9,9,4.21
ORD-ONL-20324,1018.86,51.4,4,9.57
ORD-ONL-20325,857.32,53.3,5,8.49
ORD-ONL-20326,664.91,57.8,10,15.81
ORD-ONL-20327,751.47,54.7,11,12.07
ORD-ONL-20328,658.1,65.1,8,10.37
ORD-ONL-20329,601.74,57.3,3,11.28
ORD-ONL-20330,1031.17,34.1,4,15.56
ORD-ONL-20331,870.96,49.1,8,12.75
ORD-ONL-20332,905.61,56.3,7,12.76
ORD-ONL-20333,585.23,46.4,4,9.93
ORD-ONL-20334,915.3,35.5,4,7.33
ORD-ONL-20335,933.8,48.4,6,17.67
ORD-ONL-20336,1000.35,43.1,3,13.04
ORD-ONL-20337,724.2,30.2,8,11.37
ORD-ONL-20338,696.24,47.0,2,13.13
ORD-ONL-20339,1003.21,56.7,7,9.36
ORD-ONL-20340,927.42,53.7,3,4.41
ORD-ONL-20341,814.28,53.7,2,11.45
ORD-ONL-20342,940.69,49.4,8,11.37
ORD-ONL-20343,1060.97,39.5,4,11.14
ORD-ONL-20344,886.85,57.9,2,13.77
ORD-ONL-20345,913.59,46.2,5,8.7
ORD-ONL-20346,962.81,43.2,12,16.01
ORD-ONL-20347,939.55,49.5,7,13.22
ORD-ONL-20348,833.05,61.9,6,13.76
ORD-ONL-20349,860.26,52.1,6,15.78
ORD-ONL-20350,623.94,50.9,7,12.31
ORD-ONL-20351,692.3,40.8,2,6.35
ORD-ONL-20352,1162.15,63.7,7,14.44
ORD-ONL-20353,776.49,55.3,4,8.58
ORD-ONL-20354,644.2,61.2,6,9.68
ORD-ONL-20355,1012.01,62.8,4,12.96
ORD-ONL-20356,1065.88,38.5,6,10.59
ORD-ONL-20357,692.46,55.2,6,11.46
ORD-ONL-20358,854.03,54.4,5,12.19
ORD-ONL-20359,823.58,33.5,5,6.84
ORD-ONL-20360,812.98,50.9,8,9.76
ORD-ONL-20361,748.95,44.4,1,10.25
ORD-ONL-20362,750.26,32.1,10,15.35
ORD-ONL-20363,790.73,54.4,1,8.69
ORD-ONL-20364,916.34,46.4,3,14.53
ORD-ONL-20365,827.14,47.5,4,13.09
ORD-ONL-20366,877.79,54.1,5,9.96
ORD-ONL-20367,868.65,48.7,5,9.02
ORD-ONL-20368,826.52,51.6,7,9.28
ORD-ONL-20369,771.75,38.0,3,8.18
ORD-ONL-20370,747.08,54.3,7,10.36
ORD-ONL-20371,805.18,45.1,4,13.05
ORD-ONL-20372,848.08,39.8,4,12.52
ORD-ONL-20373,678.02,45.1,1,10.04
ORD-ONL-20374,755.68,54.0,7,10.86
ORD-ONL-20375,967.74,36.3,5,12.32
ORD-ONL-20376,751.97,53.5,10,7.09
ORD-ONL-20377,864.67,45.0,2,11.25
ORD-ONL-20378,678.79,63.0,3,6.14
ORD-ONL-20379,1001.26,53.8,3,9.76
ORD-ONL-20380,1012.22,50.6,5,6.0
ORD-ONL-20381,880.86,54.6,2,8.72
ORD-ONL-20382,865.13,43.8,8,8.94
ORD-ONL-20383,905.93,51.8,9,9.6
ORD-ONL-20384,833.7,46.5,6,13.65
ORD-ONL-20385,764.72,43.6,7,9.28
ORD-ONL-20386,953.64,50.1,6,13.48
ORD-ONL-20387,762.79,47.0,3,12.83
ORD-ONL-20388,900.09,58.8,6,8.51
ORD-ONL-20389,1002.79,50.5,6,10.77
ORD-ONL-20390,706.64,50.8,1,10.38
ORD-ONL-20391,832.57,46.7,4,8.56
ORD-ONL-20392,851.62,58.3,3,10.48
ORD-ONL-20393,591.22,33.1,9,4.24
ORD-ONL-20394,790.61,33.1,3,11.5
ORD-ONL-20395,858.61,38.5,2,14.11
ORD-ONL-20396,695.01,48.2,2,11.43
ORD-ONL-20397,970.12,32.1,6,10.94
ORD-ONL-20398,1050.28,39.5,6,6.13
ORD-ONL-20399,1027.62,53.5,7,13.01
ORD-ONL-20400,1100.21,52.3,5,12.33
ORD-ONL-20401,814.98,36.2,2,14.16
ORD-ONL-20402,992.96,53.6,4,14.44
ORD-ONL-20403,890.88,60.4,3,8.88
ORD-ONL-20404,701.91,65.2,6,9.98
ORD-ONL-20405,736.54,49.4,1,14.74
ORD-ONL-20406,801.88,50.4,5,5.68
ORD-ONL-20407,636.46,47.2,5,11.47
ORD-ONL-20408,847.28,61.6,9,7.81
ORD-ONL-20409,853.78,52.2,5,8.08
ORD-ONL-20410,1196.59,40.5,5,12.9
ORD-ONL-20411,886.59,54.8,8,10.22
ORD-ONL-20412,1016.39,43.1,7,11.03
ORD-ONL-20413,917.08,52.8,4,14.07
ORD-ONL-20414,767.62,37.8,3,13.8
ORD-ONL-20415,733.66,47.1,5,11.95
ORD-ONL-20416,781.23,67.6,1,12.04
ORD-ONL-20417,809.81,38.4,5,13.23
ORD-ONL-20418,989.96,49.9,5,7.65
ORD-ONL-20419,1000.11,57.4,5,6.18
ORD-ONL-20420,802.95,46.1,7,10.42
ORD-ONL-20421,820.29,56.7,8,12.57
ORD-ONL-20422,754.16,51.8,2,14.24
ORD-ONL-20423,827.28,43.1,7,10.75
ORD-ONL-20424,883.22,41.7,6,13.83
ORD-ONL-20425,783.58,49.6,6,11.68
ORD-ONL-20426,867.04,33.7,5,6.49
ORD-ONL-20427,773.36,37.7,5,11.52
ORD-ONL-20428,1012.16,49.6,2,14.03
ORD-ONL-20429,877.57,38.2,8,8.7
ORD-ONL-20430,781.39,46.0,5,11.8
ORD-ONL-20431,1020.81,38.3,5,9.3
ORD-ONL-20432,639.66,58.0,7,9.94
ORD-ONL-20433,834.29,55.2,6,9.68
ORD-ONL-20434,1036.14,51.6,6,10.8
ORD-ONL-20435,999.12,49.5,1,6.82
ORD-ONL-20436,946.7,43.7,4,13.34
ORD-ONL-20437,845.59,38.7,6,13.69
ORD-ONL-20438,974.47,65.0,2,13.59
ORD-ONL-20439,939.04,53.0,4,7.74
ORD-ONL-20440,981.95,46.7,5,12.47
ORD-ONL-20441,726.94,51.6,8,13.46
ORD-ONL-20442,985.86,55.7,1,11.8
ORD-ONL-20443,739.81,58.5,3,8.14
ORD-ONL-20444,695.08,61.5,1,8.99
ORD-ONL-20445,848.93,54.0,6,14.74
ORD-ONL-20446,841.35,41.4,2,10.15
ORD-ONL-20447,1005.11,48.7,3,8.37
ORD-ONL-20448,824.29,52.1,3,8.17
ORD-ONL-20449,889.0,47.4,3,8.64
ORD-ONL-20450,727.68,48.7,3,12.23
ORD-ONL-20451,700.8,25.0,4,4.48
ORD-ONL-20452,806.0,61.5,1,6.37
ORD-ONL-20453,920.72,46.7,5,5.87
ORD-ONL-20454,1164.36,61.8,5,12.53
ORD-ONL-20455,722.25,55.6,6,7.37
ORD-ONL-20456,1069.18,51.3,4,4.89
ORD-ONL-20457,815.51,64.4,3,9.81
ORD-ONL-20458,1021.75,42.4,3,11.51
ORD-ONL-20459,671.57,70.2,3,8.58
ORD-ONL-20460,881.76,48.8,5,8.75
ORD-ONL-20461,869.28,33.1,2,14.16
ORD-ONL-20462,795.7,42.3,3,14.87
ORD-ONL-20463,816.86,49.0,7,11.46
ORD-ONL-20464,849.88,33.3,4,9.1
ORD-ONL-20465,865.64,46.9,4,12.4
ORD-ONL-20466,620.95,44.3,3,10.86
ORD-ONL-20467,698.0,42.2,4,10.36
ORD-ONL-20468,743.12,43.5,4,13.8
ORD-ONL-20469,515.92,41.6,5,6.35
ORD-ONL-20470,683.68,49.6,6,10.87
ORD-ONL-20471,939.5,50.3,6,10.83
ORD-ONL-20472,887.04,46.9,5,18.07
ORD-ONL-20473,737.72,48.5,4,8.95
ORD-ONL-20474,962.95,50.5,3,12.85
ORD-ONL-20475,849.0,52.6,6,11.08
ORD-ONL-20476,736.57,49.8,4,10.2
ORD-ONL-20477,925.15,63.0,1,11.05
ORD-ONL-20478,1010.73,61.8,5,15.83
ORD-ONL-20479,807.19,39.6,5,11.24
ORD-ONL-20480,938.62,39.5,7,7.37
ORD-ONL-20481,885.14,39.7,5,7.91
ORD-ONL-20482,889.09,54.2,5,14.52
ORD-ONL-20483,698.69,43.2,6,10.43
ORD-ONL-20484,685.01,57.5,6,13.01
ORD-ONL-20485,715.18,40.6,2,7.73
ORD-ONL-20486,887.59,36.5,10,9.34
ORD-ONL-20487,841.78,34.1,3,5.72
ORD-ONL-20488,827.36,34.6,3,14.72
ORD-ONL-20489,1005.4,44.7,4,6.46
ORD-ONL-20490,1034.4,64.5,3,12.4
ORD-ONL-20491,622.66,53.8,5,8.13
ORD-ONL-20492,592.01,49.0,2,10.93
ORD-ONL-20493,793.99,42.3,8,11.13
ORD-ONL-20494,902.84,45.3,3,9.18
ORD-ONL-20495,919.7,41.7,6,9.22
ORD-ONL-20496,817.51,44.8,2,9.11
ORD-ONL-20497,593.68,49.6,5,13.22
ORD-ONL-20498,1077.06,53.2,2,14.94
ORD-ONL-20499,766.26,45.1,8,4.15
